Compound,Date,Negative,Neutral,News,Positive,Tweets Ago
0.0,2018-03-13 20:00:05+00:00,1.0,0.0,BBC,0.0,1
0.0,2018-03-13 19:00:05+00:00,1.0,0.0,BBC,0.0,2
0.0,2018-03-13 18:30:05+00:00,1.0,0.0,BBC,0.0,3
0.6696,2018-03-13 17:30:06+00:00,0.71,0.0,BBC,0.29,4
-0.296,2018-03-13 17:16:46+00:00,0.913,0.087,BBC,0.0,5
0.3182,2018-03-13 17:13:13+00:00,0.897,0.0,BBC,0.103,6
-0.5255,2018-03-13 17:02:28+00:00,0.72,0.188,BBC,0.092,7
0.6808,2018-03-13 14:00:22+00:00,0.702,0.054,BBC,0.244,8
0.4215,2018-03-13 13:00:08+00:00,0.865,0.0,BBC,0.135,9
0.0258,2018-03-13 12:26:59+00:00,0.824,0.086,BBC,0.09,10
0.0,2018-03-13 12:03:24+00:00,1.0,0.0,BBC,0.0,11
0.25,2018-03-13 12:00:09+00:00,0.9,0.0,BBC,0.1,12
-0.431,2018-03-13 11:28:09+00:00,0.808,0.192,BBC,0.0,13
-0.4588,2018-03-13 11:26:58+00:00,0.88,0.12,BBC,0.0,14
0.0,2018-03-13 09:00:06+00:00,1.0,0.0,BBC,0.0,15
0.6304,2018-03-13 08:30:07+00:00,0.718,0.081,BBC,0.2,16
-0.0772,2018-03-13 08:00:03+00:00,0.76,0.129,BBC,0.111,17
0.5515,2018-03-12 20:17:27+00:00,0.771,0.0,BBC,0.229,18
-0.7003,2018-03-12 20:16:22+00:00,0.599,0.303,BBC,0.099,19
0.2263,2018-03-12 19:23:01+00:00,0.84,0.0,BBC,0.16,20
0.2263,2018-03-12 18:30:06+00:00,0.881,0.0,BBC,0.119,21
0.5859,2018-03-12 17:30:05+00:00,0.84,0.0,BBC,0.16,22
0.0,2018-03-12 16:44:15+00:00,1.0,0.0,BBC,0.0,23
0.9022,2018-03-12 16:24:52+00:00,0.643,0.0,BBC,0.357,24
0.8429,2018-03-12 16:17:43+00:00,0.702,0.0,BBC,0.298,25
0.0,2018-03-12 16:07:16+00:00,1.0,0.0,BBC,0.0,26
-0.3612,2018-03-12 15:55:51+00:00,0.884,0.116,BBC,0.0,27
-0.34,2018-03-12 14:00:09+00:00,0.806,0.194,BBC,0.0,28
0.25,2018-03-12 13:30:45+00:00,0.9,0.0,BBC,0.1,29
0.0,2018-03-12 13:27:27+00:00,1.0,0.0,BBC,0.0,30
0.0,2018-03-12 12:59:05+00:00,1.0,0.0,BBC,0.0,31
0.0,2018-03-12 12:46:06+00:00,1.0,0.0,BBC,0.0,32
-0.34,2018-03-12 12:40:39+00:00,0.888,0.112,BBC,0.0,33
0.0,2018-03-12 12:19:24+00:00,1.0,0.0,BBC,0.0,34
0.0,2018-03-12 12:00:09+00:00,1.0,0.0,BBC,0.0,35
-0.6542,2018-03-12 10:58:16+00:00,0.709,0.225,BBC,0.066,36
0.7579,2018-03-12 10:55:19+00:00,0.647,0.071,BBC,0.282,37
-0.5255,2018-03-12 10:52:55+00:00,0.841,0.159,BBC,0.0,38
0.2433,2018-03-12 09:58:30+00:00,0.696,0.119,BBC,0.185,39
-0.1531,2018-03-12 09:00:06+00:00,0.545,0.264,BBC,0.191,40
0.2732,2018-03-12 08:30:04+00:00,0.687,0.133,BBC,0.18,41
0.0516,2018-03-12 08:00:05+00:00,0.64,0.174,BBC,0.186,42
0.6068,2018-03-11 21:39:32+00:00,0.763,0.0,BBC,0.237,43
0.6908,2018-03-11 21:22:19+00:00,0.678,0.0,BBC,0.322,44
0.3612,2018-03-11 21:02:37+00:00,0.848,0.0,BBC,0.152,45
0.861,2018-03-11 20:00:07+00:00,0.57,0.0,BBC,0.43,46
0.765,2018-03-11 19:54:20+00:00,0.662,0.048,BBC,0.29,47
0.296,2018-03-11 19:52:28+00:00,0.767,0.097,BBC,0.137,48
0.4939,2018-03-11 19:51:36+00:00,0.868,0.0,BBC,0.132,49
-0.7481,2018-03-11 19:51:25+00:00,0.715,0.285,BBC,0.0,50
0.0,2018-03-11 19:51:12+00:00,1.0,0.0,BBC,0.0,51
0.0,2018-03-11 19:50:11+00:00,1.0,0.0,BBC,0.0,52
0.0,2018-03-11 19:49:56+00:00,1.0,0.0,BBC,0.0,53
-0.5994,2018-03-11 19:00:03+00:00,0.837,0.163,BBC,0.0,54
0.2263,2018-03-11 18:00:15+00:00,0.435,0.213,BBC,0.353,55
0.3818,2018-03-11 17:02:03+00:00,0.794,0.0,BBC,0.206,56
0.0,2018-03-11 16:55:19+00:00,1.0,0.0,BBC,0.0,57
0.0,2018-03-11 16:00:04+00:00,1.0,0.0,BBC,0.0,58
0.0,2018-03-11 15:01:05+00:00,1.0,0.0,BBC,0.0,59
0.0,2018-03-11 14:43:09+00:00,1.0,0.0,BBC,0.0,60
-0.0772,2018-03-11 14:00:04+00:00,0.459,0.284,BBC,0.257,61
-0.5267,2018-03-11 12:33:04+00:00,0.855,0.145,BBC,0.0,62
0.0,2018-03-11 12:00:03+00:00,1.0,0.0,BBC,0.0,63
-0.2755,2018-03-11 11:31:52+00:00,0.905,0.095,BBC,0.0,64
0.1326,2018-03-11 11:10:49+00:00,0.877,0.05,BBC,0.073,65
0.7717,2018-03-11 10:32:04+00:00,0.645,0.0,BBC,0.355,66
-0.25,2018-03-11 10:24:05+00:00,0.747,0.155,BBC,0.098,67
0.0,2018-03-11 10:05:01+00:00,1.0,0.0,BBC,0.0,68
0.6808,2018-03-11 10:02:15+00:00,0.789,0.0,BBC,0.211,69
0.0,2018-03-11 09:38:23+00:00,1.0,0.0,BBC,0.0,70
0.7847,2018-03-11 09:35:38+00:00,0.743,0.0,BBC,0.257,71
0.5803,2018-03-11 09:33:16+00:00,0.869,0.0,BBC,0.131,72
0.0,2018-03-11 09:30:10+00:00,1.0,0.0,BBC,0.0,73
0.0,2018-03-11 08:32:02+00:00,1.0,0.0,BBC,0.0,74
0.8176,2018-03-11 08:02:00+00:00,0.737,0.0,BBC,0.263,75
0.784,2018-03-11 08:00:48+00:00,0.734,0.0,BBC,0.266,76
0.765,2018-03-11 07:49:57+00:00,0.602,0.0,BBC,0.398,77
0.4019,2018-03-11 02:07:01+00:00,0.838,0.0,BBC,0.162,78
0.6783,2018-03-10 20:43:01+00:00,0.828,0.0,BBC,0.172,79
-0.4019,2018-03-10 20:41:35+00:00,0.863,0.137,BBC,0.0,80
0.4588,2018-03-10 20:40:14+00:00,0.842,0.0,BBC,0.158,81
0.4605,2018-03-10 20:28:00+00:00,0.552,0.155,BBC,0.293,82
0.6588,2018-03-10 20:27:17+00:00,0.785,0.0,BBC,0.215,83
0.4106,2018-03-10 20:25:58+00:00,0.82,0.0,BBC,0.18,84
-0.8316,2018-03-10 20:24:22+00:00,0.719,0.281,BBC,0.0,85
0.5267,2018-03-10 20:24:07+00:00,0.815,0.0,BBC,0.185,86
0.0,2018-03-10 18:11:11+00:00,1.0,0.0,BBC,0.0,87
0.0,2018-03-10 18:10:57+00:00,1.0,0.0,BBC,0.0,88
0.0,2018-03-10 18:00:13+00:00,1.0,0.0,BBC,0.0,89
0.0,2018-03-10 17:00:18+00:00,1.0,0.0,BBC,0.0,90
-0.7783,2018-03-10 16:30:07+00:00,0.37,0.63,BBC,0.0,91
0.8805,2018-03-10 15:59:11+00:00,0.596,0.0,BBC,0.404,92
-0.5411,2018-03-10 15:53:39+00:00,0.873,0.127,BBC,0.0,93
0.1511,2018-03-10 15:32:03+00:00,0.91,0.0,BBC,0.09,94
-0.3818,2018-03-10 15:00:05+00:00,0.89,0.11,BBC,0.0,95
0.0,2018-03-10 14:00:08+00:00,1.0,0.0,BBC,0.0,96
-0.5859,2018-03-10 13:14:03+00:00,0.769,0.231,BBC,0.0,97
-0.4588,2018-03-10 13:00:04+00:00,0.25,0.75,BBC,0.0,98
0.4926,2018-03-10 13:00:03+00:00,0.653,0.0,BBC,0.347,99
0.3724,2018-03-10 13:00:03+00:00,0.758,0.0,BBC,0.242,100
0.8718,2017-12-21 12:04:04+00:00,0.632,0.0,CBS,0.368,1
0.6597,2017-12-21 01:04:27+00:00,0.787,0.0,CBS,0.213,2
0.3818,2017-12-20 23:00:04+00:00,0.843,0.0,CBS,0.157,3
0.743,2017-12-20 21:08:10+00:00,0.751,0.0,CBS,0.249,4
0.7222,2017-12-20 20:10:15+00:00,0.719,0.0,CBS,0.281,5
0.0,2017-12-20 19:31:47+00:00,1.0,0.0,CBS,0.0,6
0.5423,2017-12-20 15:30:01+00:00,0.857,0.0,CBS,0.143,7
0.1139,2017-12-20 01:01:19+00:00,0.941,0.0,CBS,0.059,8
0.7644,2017-12-20 00:14:34+00:00,0.708,0.0,CBS,0.292,9
0.0,2017-12-19 21:12:50+00:00,1.0,0.0,CBS,0.0,10
0.3818,2017-12-19 21:00:03+00:00,0.852,0.0,CBS,0.148,11
0.5719,2017-12-19 15:30:04+00:00,0.791,0.0,CBS,0.209,12
0.0,2017-12-19 14:42:58+00:00,1.0,0.0,CBS,0.0,13
0.6808,2017-12-19 00:39:07+00:00,0.714,0.0,CBS,0.286,14
0.875,2017-12-18 22:53:34+00:00,0.643,0.0,CBS,0.357,15
0.8957,2017-12-18 21:32:25+00:00,0.505,0.0,CBS,0.495,16
0.7569,2017-12-18 18:40:55+00:00,0.712,0.0,CBS,0.288,17
0.0,2017-12-18 00:42:56+00:00,1.0,0.0,CBS,0.0,18
0.5093,2017-12-18 00:00:40+00:00,0.859,0.0,CBS,0.141,19
0.8527,2017-12-17 17:48:58+00:00,0.576,0.044,CBS,0.38,20
0.7798,2017-12-17 15:39:38+00:00,0.725,0.0,CBS,0.275,21
0.25,2017-12-16 18:29:05+00:00,0.875,0.0,CBS,0.125,22
0.1867,2017-12-16 12:00:07+00:00,0.92,0.0,CBS,0.08,23
0.5423,2017-12-15 20:23:58+00:00,0.857,0.0,CBS,0.143,24
0.6114,2017-12-15 14:43:08+00:00,0.8,0.0,CBS,0.2,25
0.5106,2017-12-14 19:13:25+00:00,0.798,0.0,CBS,0.202,26
0.0,2017-12-13 23:20:01+00:00,1.0,0.0,CBS,0.0,27
0.5093,2017-12-13 18:56:58+00:00,0.798,0.0,CBS,0.202,28
0.0,2017-12-12 20:34:16+00:00,1.0,0.0,CBS,0.0,29
0.5562,2017-12-12 19:04:59+00:00,0.854,0.0,CBS,0.146,30
0.555,2017-12-12 17:13:52+00:00,0.826,0.0,CBS,0.174,31
0.8832,2017-12-11 21:29:33+00:00,0.636,0.0,CBS,0.364,32
0.4939,2017-12-11 19:05:21+00:00,0.703,0.086,CBS,0.211,33
-0.2263,2017-12-11 00:26:50+00:00,0.917,0.083,CBS,0.0,34
-0.2263,2017-12-11 00:25:54+00:00,0.913,0.087,CBS,0.0,35
0.0772,2017-12-10 22:49:02+00:00,0.936,0.0,CBS,0.064,36
0.0,2017-12-10 22:48:46+00:00,1.0,0.0,CBS,0.0,37
0.5754,2017-12-09 18:24:37+00:00,0.742,0.07,CBS,0.189,38
0.6476,2017-12-09 01:11:51+00:00,0.791,0.0,CBS,0.209,39
0.8126,2017-12-08 23:35:41+00:00,0.697,0.0,CBS,0.303,40
0.7777,2017-12-07 18:23:03+00:00,0.746,0.0,CBS,0.254,41
0.5423,2017-12-07 12:07:06+00:00,0.863,0.0,CBS,0.137,42
0.3182,2017-12-06 17:32:28+00:00,0.874,0.0,CBS,0.126,43
0.1511,2017-12-05 19:21:31+00:00,0.91,0.0,CBS,0.09,44
0.4199,2017-12-05 19:14:00+00:00,0.883,0.0,CBS,0.117,45
0.5106,2017-12-05 00:54:16+00:00,0.837,0.0,CBS,0.163,46
0.0,2017-12-05 00:03:06+00:00,1.0,0.0,CBS,0.0,47
0.3612,2017-12-04 20:52:31+00:00,0.894,0.0,CBS,0.106,48
0.9217,2017-12-04 19:22:07+00:00,0.496,0.0,CBS,0.504,49
0.5213,2017-12-04 07:14:06+00:00,0.813,0.0,CBS,0.187,50
-0.5655,2017-12-04 03:02:00+00:00,0.823,0.177,CBS,0.0,51
0.9466,2017-12-04 03:01:09+00:00,0.328,0.0,CBS,0.672,52
0.5994,2017-12-04 02:51:35+00:00,0.719,0.0,CBS,0.281,53
0.7906,2017-12-04 02:49:27+00:00,0.731,0.0,CBS,0.269,54
0.8689,2017-12-04 02:47:39+00:00,0.671,0.0,CBS,0.329,55
0.8016,2017-12-04 02:43:14+00:00,0.736,0.0,CBS,0.264,56
0.5719,2017-12-04 02:26:30+00:00,0.844,0.0,CBS,0.156,57
0.0,2017-12-04 02:22:42+00:00,1.0,0.0,CBS,0.0,58
0.25,2017-12-04 02:12:59+00:00,0.867,0.0,CBS,0.133,59
0.0,2017-12-04 01:56:26+00:00,1.0,0.0,CBS,0.0,60
0.0,2017-12-04 01:55:44+00:00,1.0,0.0,CBS,0.0,61
0.8591,2017-12-04 01:43:24+00:00,0.513,0.0,CBS,0.487,62
-0.2263,2017-12-04 01:33:37+00:00,0.924,0.076,CBS,0.0,63
0.5574,2017-12-04 01:24:51+00:00,0.806,0.0,CBS,0.194,64
0.3612,2017-12-04 01:13:30+00:00,0.762,0.0,CBS,0.238,65
0.4588,2017-12-04 01:11:57+00:00,0.864,0.0,CBS,0.136,66
0.807,2017-12-04 01:05:31+00:00,0.644,0.0,CBS,0.356,67
0.4574,2017-12-04 01:00:09+00:00,0.87,0.0,CBS,0.13,68
-0.2263,2017-12-04 00:25:16+00:00,0.905,0.095,CBS,0.0,69
0.8271,2017-12-03 20:00:02+00:00,0.648,0.0,CBS,0.352,70
0.7783,2017-12-03 18:44:14+00:00,0.714,0.0,CBS,0.286,71
0.8658,2017-12-03 17:32:01+00:00,0.614,0.0,CBS,0.386,72
0.8516,2017-12-03 13:00:04+00:00,0.647,0.0,CBS,0.353,73
0.7897,2017-12-03 12:00:01+00:00,0.72,0.0,CBS,0.28,74
0.6166,2017-12-02 15:55:39+00:00,0.825,0.0,CBS,0.175,75
0.1867,2017-12-02 14:30:03+00:00,0.902,0.0,CBS,0.098,76
0.6996,2017-12-02 13:00:07+00:00,0.821,0.0,CBS,0.179,77
-0.3595,2017-12-02 12:00:03+00:00,0.872,0.128,CBS,0.0,78
0.3612,2017-12-01 22:43:05+00:00,0.884,0.0,CBS,0.116,79
0.4199,2017-12-01 22:15:28+00:00,0.866,0.0,CBS,0.134,80
0.7707,2017-12-01 21:00:12+00:00,0.718,0.0,CBS,0.282,81
0.0,2017-12-01 20:17:18+00:00,1.0,0.0,CBS,0.0,82
0.8221,2017-12-01 19:32:18+00:00,0.691,0.0,CBS,0.309,83
0.0,2017-12-01 18:40:34+00:00,1.0,0.0,CBS,0.0,84
0.0,2017-12-01 18:16:37+00:00,1.0,0.0,CBS,0.0,85
0.0,2017-12-01 18:10:11+00:00,1.0,0.0,CBS,0.0,86
0.6893,2017-12-01 14:00:04+00:00,0.749,0.0,CBS,0.251,87
0.1901,2017-12-01 12:00:03+00:00,0.907,0.0,CBS,0.093,88
0.296,2017-12-01 01:31:30+00:00,0.872,0.0,CBS,0.128,89
0.0,2017-11-30 21:10:19+00:00,1.0,0.0,CBS,0.0,90
0.6115,2017-11-30 20:54:39+00:00,0.773,0.0,CBS,0.227,91
0.0,2017-11-30 17:40:02+00:00,1.0,0.0,CBS,0.0,92
0.6808,2017-11-30 17:30:05+00:00,0.752,0.0,CBS,0.248,93
0.3612,2017-11-30 15:00:05+00:00,0.865,0.0,CBS,0.135,94
0.0,2017-11-30 12:00:03+00:00,1.0,0.0,CBS,0.0,95
-0.3595,2017-11-30 07:52:09+00:00,0.872,0.128,CBS,0.0,96
0.6239,2017-11-30 04:09:55+00:00,0.55,0.0,CBS,0.45,97
0.0,2017-11-30 04:00:27+00:00,1.0,0.0,CBS,0.0,98
0.5542,2017-11-30 03:59:09+00:00,0.796,0.0,CBS,0.204,99
0.0,2017-11-30 03:55:37+00:00,1.0,0.0,CBS,0.0,100
-0.3182,2018-03-29 17:30:46+00:00,0.897,0.103,CNN,0.0,1
0.0516,2018-03-29 17:16:16+00:00,0.783,0.104,CNN,0.113,2
-0.4588,2018-03-29 17:04:39+00:00,0.824,0.176,CNN,0.0,3
-0.4767,2018-03-29 16:54:01+00:00,0.829,0.171,CNN,0.0,4
0.17,2018-03-29 16:39:22+00:00,0.758,0.108,CNN,0.134,5
0.7096,2018-03-29 16:24:23+00:00,0.781,0.0,CNN,0.219,6
0.4215,2018-03-29 16:09:38+00:00,0.865,0.0,CNN,0.135,7
0.0,2018-03-29 15:59:35+00:00,1.0,0.0,CNN,0.0,8
0.0,2018-03-29 15:44:56+00:00,1.0,0.0,CNN,0.0,9
0.0,2018-03-29 15:31:02+00:00,1.0,0.0,CNN,0.0,10
0.25,2018-03-29 15:18:30+00:00,0.895,0.0,CNN,0.105,11
0.0,2018-03-29 15:05:25+00:00,1.0,0.0,CNN,0.0,12
0.3818,2018-03-29 14:53:09+00:00,0.66,0.0,CNN,0.34,13
-0.4404,2018-03-29 14:41:28+00:00,0.805,0.195,CNN,0.0,14
0.0,2018-03-29 14:29:38+00:00,1.0,0.0,CNN,0.0,15
0.2732,2018-03-29 14:17:41+00:00,0.648,0.154,CNN,0.198,16
-0.5267,2018-03-29 14:05:00+00:00,0.707,0.212,CNN,0.082,17
0.0,2018-03-29 13:53:19+00:00,1.0,0.0,CNN,0.0,18
0.0,2018-03-29 13:45:57+00:00,1.0,0.0,CNN,0.0,19
0.0,2018-03-29 13:38:41+00:00,1.0,0.0,CNN,0.0,20
0.0,2018-03-29 13:31:20+00:00,1.0,0.0,CNN,0.0,21
0.0,2018-03-29 13:29:02+00:00,1.0,0.0,CNN,0.0,22
0.0,2018-03-29 13:20:37+00:00,1.0,0.0,CNN,0.0,23
-0.3182,2018-03-29 13:10:01+00:00,0.881,0.119,CNN,0.0,24
0.6369,2018-03-29 12:56:49+00:00,0.61,0.089,CNN,0.301,25
0.6808,2018-03-29 12:43:34+00:00,0.752,0.0,CNN,0.248,26
-0.6124,2018-03-29 12:29:32+00:00,0.81,0.19,CNN,0.0,27
0.2732,2018-03-29 12:16:30+00:00,0.877,0.0,CNN,0.123,28
-0.7783,2018-03-29 12:03:36+00:00,0.673,0.327,CNN,0.0,29
0.0,2018-03-29 11:51:15+00:00,1.0,0.0,CNN,0.0,30
0.2023,2018-03-29 11:39:38+00:00,0.735,0.113,CNN,0.152,31
-0.8126,2018-03-29 11:27:38+00:00,0.669,0.331,CNN,0.0,32
0.0,2018-03-29 11:03:17+00:00,1.0,0.0,CNN,0.0,33
-0.3052,2018-03-29 10:54:00+00:00,0.87,0.13,CNN,0.0,34
0.25,2018-03-29 10:52:07+00:00,0.895,0.0,CNN,0.105,35
0.0,2018-03-29 10:46:01+00:00,1.0,0.0,CNN,0.0,36
0.3384,2018-03-29 10:34:52+00:00,0.888,0.0,CNN,0.112,37
-0.4767,2018-03-29 10:23:42+00:00,0.866,0.134,CNN,0.0,38
0.0,2018-03-29 10:12:31+00:00,1.0,0.0,CNN,0.0,39
-0.7461,2018-03-29 10:01:06+00:00,0.654,0.346,CNN,0.0,40
0.3612,2018-03-29 09:50:17+00:00,0.878,0.0,CNN,0.122,41
-0.296,2018-03-29 09:42:02+00:00,0.896,0.104,CNN,0.0,42
0.5994,2018-03-29 09:30:52+00:00,0.719,0.0,CNN,0.281,43
0.0,2018-03-29 09:20:10+00:00,1.0,0.0,CNN,0.0,44
0.0772,2018-03-29 09:09:33+00:00,0.783,0.101,CNN,0.115,45
0.0,2018-03-29 08:58:39+00:00,1.0,0.0,CNN,0.0,46
0.0,2018-03-29 08:48:13+00:00,1.0,0.0,CNN,0.0,47
0.0,2018-03-29 08:37:38+00:00,1.0,0.0,CNN,0.0,48
0.0,2018-03-29 08:24:44+00:00,1.0,0.0,CNN,0.0,49
0.0,2018-03-29 08:14:30+00:00,1.0,0.0,CNN,0.0,50
-0.3182,2018-03-29 07:51:06+00:00,0.892,0.108,CNN,0.0,51
0.0,2018-03-29 07:41:04+00:00,1.0,0.0,CNN,0.0,52
0.5719,2018-03-29 07:40:05+00:00,0.709,0.0,CNN,0.291,53
-0.765,2018-03-29 07:22:05+00:00,0.577,0.423,CNN,0.0,54
-0.7845,2018-03-29 07:15:02+00:00,0.588,0.341,CNN,0.071,55
0.5267,2018-03-29 06:55:24+00:00,0.455,0.182,CNN,0.364,56
-0.5574,2018-03-29 06:43:06+00:00,0.854,0.146,CNN,0.0,57
0.2263,2018-03-29 06:42:21+00:00,0.675,0.135,CNN,0.19,58
0.0,2018-03-29 06:31:05+00:00,1.0,0.0,CNN,0.0,59
0.0,2018-03-29 06:24:05+00:00,1.0,0.0,CNN,0.0,60
0.5267,2018-03-29 06:16:59+00:00,0.455,0.182,CNN,0.364,61
-0.5267,2018-03-29 06:10:06+00:00,0.707,0.212,CNN,0.082,62
0.0,2018-03-29 06:07:33+00:00,1.0,0.0,CNN,0.0,63
0.0,2018-03-29 06:01:02+00:00,1.0,0.0,CNN,0.0,64
0.0,2018-03-29 05:50:05+00:00,1.0,0.0,CNN,0.0,65
-0.5106,2018-03-29 05:46:06+00:00,0.829,0.171,CNN,0.0,66
-0.7906,2018-03-29 05:46:06+00:00,0.667,0.333,CNN,0.0,67
0.4497,2018-03-29 05:31:05+00:00,0.871,0.0,CNN,0.129,68
0.5719,2018-03-29 05:16:06+00:00,0.81,0.0,CNN,0.19,69
0.6486,2018-03-29 05:01:02+00:00,0.823,0.0,CNN,0.177,70
0.6808,2018-03-29 04:46:03+00:00,0.752,0.0,CNN,0.248,71
0.0,2018-03-29 04:31:03+00:00,1.0,0.0,CNN,0.0,72
0.34,2018-03-29 04:16:02+00:00,0.87,0.0,CNN,0.13,73
0.0258,2018-03-29 04:08:07+00:00,0.948,0.0,CNN,0.052,74
0.0,2018-03-29 04:01:07+00:00,1.0,0.0,CNN,0.0,75
0.1531,2018-03-29 03:46:06+00:00,0.918,0.0,CNN,0.082,76
0.4588,2018-03-29 03:31:04+00:00,0.85,0.0,CNN,0.15,77
0.0,2018-03-29 03:24:05+00:00,1.0,0.0,CNN,0.0,78
0.0,2018-03-29 03:16:03+00:00,1.0,0.0,CNN,0.0,79
-0.6597,2018-03-29 03:09:05+00:00,0.82,0.18,CNN,0.0,80
0.0,2018-03-29 03:05:07+00:00,1.0,0.0,CNN,0.0,81
-0.296,2018-03-29 03:01:09+00:00,0.723,0.175,CNN,0.102,82
0.0,2018-03-29 03:01:08+00:00,1.0,0.0,CNN,0.0,83
0.0,2018-03-29 03:01:08+00:00,1.0,0.0,CNN,0.0,84
0.3612,2018-03-29 02:46:07+00:00,0.815,0.0,CNN,0.185,85
0.0,2018-03-29 02:31:04+00:00,1.0,0.0,CNN,0.0,86
-0.3164,2018-03-29 02:22:48+00:00,0.902,0.098,CNN,0.0,87
0.2732,2018-03-29 02:22:29+00:00,0.84,0.0,CNN,0.16,88
-0.5667,2018-03-29 02:22:01+00:00,0.818,0.182,CNN,0.0,89
-0.5574,2018-03-29 02:16:06+00:00,0.841,0.159,CNN,0.0,90
0.7378,2018-03-29 02:11:03+00:00,0.753,0.0,CNN,0.247,91
-0.6705,2018-03-29 02:09:41+00:00,0.842,0.158,CNN,0.0,92
0.0,2018-03-29 02:08:27+00:00,1.0,0.0,CNN,0.0,93
0.34,2018-03-29 02:01:07+00:00,0.888,0.0,CNN,0.112,94
-0.8658,2018-03-29 01:58:02+00:00,0.573,0.427,CNN,0.0,95
0.0,2018-03-29 01:56:05+00:00,1.0,0.0,CNN,0.0,96
0.0,2018-03-29 01:51:56+00:00,1.0,0.0,CNN,0.0,97
-0.34,2018-03-29 01:51:03+00:00,0.893,0.107,CNN,0.0,98
0.0,2018-03-29 01:46:06+00:00,1.0,0.0,CNN,0.0,99
0.0,2018-03-29 01:36:49+00:00,1.0,0.0,CNN,0.0,100
0.0,2018-02-13 22:36:18+00:00,1.0,0.0,fox,0.0,1
-0.2732,2018-02-13 22:36:12+00:00,0.845,0.103,fox,0.052,2
0.4199,2018-02-13 22:36:06+00:00,0.417,0.0,fox,0.583,3
0.3612,2018-02-13 22:35:52+00:00,0.898,0.0,fox,0.102,4
0.0,2018-02-13 22:35:27+00:00,1.0,0.0,fox,0.0,5
0.0,2018-02-13 22:20:23+00:00,1.0,0.0,fox,0.0,6
0.7096,2018-02-13 08:58:56+00:00,0.699,0.0,fox,0.301,7
-0.1531,2018-02-13 08:53:04+00:00,0.746,0.138,fox,0.116,8
0.5106,2018-02-13 06:58:06+00:00,0.809,0.0,fox,0.191,9
-0.6696,2018-02-13 06:49:50+00:00,0.424,0.424,fox,0.152,10
0.1531,2018-02-13 06:36:50+00:00,0.922,0.0,fox,0.078,11
0.4738,2018-02-13 06:36:42+00:00,0.393,0.0,fox,0.607,12
0.4199,2018-02-13 06:36:24+00:00,0.518,0.0,fox,0.482,13
0.5994,2018-02-13 06:33:04+00:00,0.506,0.0,fox,0.494,14
0.5807,2018-02-13 05:46:35+00:00,0.604,0.113,fox,0.283,15
0.4199,2018-02-13 05:32:44+00:00,0.417,0.0,fox,0.583,16
0.4767,2018-02-13 04:55:00+00:00,0.866,0.0,fox,0.134,17
-0.4588,2018-02-13 03:33:08+00:00,0.75,0.25,fox,0.0,18
0.0,2018-02-13 03:20:33+00:00,1.0,0.0,fox,0.0,19
0.7875,2018-02-13 03:18:21+00:00,0.365,0.0,fox,0.635,20
0.0,2018-02-13 03:02:47+00:00,1.0,0.0,fox,0.0,21
0.4404,2018-02-13 03:02:18+00:00,0.854,0.0,fox,0.146,22
-0.5423,2018-02-13 02:39:19+00:00,0.868,0.132,fox,0.0,23
0.6115,2018-02-13 02:35:13+00:00,0.79,0.0,fox,0.21,24
0.0,2018-02-13 02:29:45+00:00,1.0,0.0,fox,0.0,25
0.624,2018-02-13 02:28:33+00:00,0.729,0.0,fox,0.271,26
0.0,2018-02-13 01:19:39+00:00,1.0,0.0,fox,0.0,27
0.2732,2018-02-13 01:19:23+00:00,0.819,0.0,fox,0.181,28
0.6496,2018-02-13 01:19:06+00:00,0.788,0.0,fox,0.212,29
0.0,2018-02-13 01:12:08+00:00,1.0,0.0,fox,0.0,30
0.0,2018-02-13 01:10:00+00:00,1.0,0.0,fox,0.0,31
-0.5859,2018-02-13 00:56:28+00:00,0.774,0.226,fox,0.0,32
0.0,2018-02-13 00:49:05+00:00,1.0,0.0,fox,0.0,33
0.0,2018-02-13 00:47:50+00:00,1.0,0.0,fox,0.0,34
0.9371,2018-02-13 00:39:27+00:00,0.433,0.0,fox,0.567,35
0.6808,2018-02-13 00:37:23+00:00,0.772,0.0,fox,0.228,36
0.0,2018-02-13 00:20:50+00:00,1.0,0.0,fox,0.0,37
0.4767,2018-02-13 00:20:20+00:00,0.474,0.234,fox,0.292,38
0.2732,2018-02-13 00:18:12+00:00,0.913,0.0,fox,0.087,39
0.2244,2018-02-13 00:15:09+00:00,0.651,0.142,fox,0.207,40
0.3182,2018-02-12 23:42:41+00:00,0.909,0.0,fox,0.091,41
0.5093,2018-02-12 23:40:52+00:00,0.708,0.0,fox,0.292,42
0.0,2018-02-12 23:40:16+00:00,1.0,0.0,fox,0.0,43
0.0,2018-02-12 23:36:29+00:00,1.0,0.0,fox,0.0,44
0.296,2018-02-12 23:34:32+00:00,0.75,0.079,fox,0.171,45
0.6369,2018-02-12 23:32:12+00:00,0.435,0.0,fox,0.565,46
-0.7096,2018-02-12 23:29:12+00:00,0.469,0.342,fox,0.189,47
-0.3612,2018-02-12 23:26:32+00:00,0.884,0.116,fox,0.0,48
-0.5095,2018-02-12 23:22:00+00:00,0.765,0.235,fox,0.0,49
-0.4215,2018-02-12 23:06:21+00:00,0.872,0.128,fox,0.0,50
0.0,2018-02-12 23:00:24+00:00,1.0,0.0,fox,0.0,51
0.6204,2018-02-12 22:47:03+00:00,0.664,0.0,fox,0.336,52
0.0772,2018-02-12 22:37:58+00:00,0.939,0.0,fox,0.061,53
-0.296,2018-02-12 22:33:29+00:00,0.909,0.091,fox,0.0,54
0.6114,2018-02-12 22:28:35+00:00,0.81,0.0,fox,0.19,55
-0.5927,2018-02-12 21:32:33+00:00,0.819,0.181,fox,0.0,56
0.0,2018-02-12 10:15:17+00:00,1.0,0.0,fox,0.0,57
0.7906,2018-02-12 10:10:31+00:00,0.68,0.0,fox,0.32,58
0.7713,2018-02-12 10:02:37+00:00,0.574,0.0,fox,0.426,59
0.3612,2018-02-12 09:38:02+00:00,0.857,0.0,fox,0.143,60
0.0,2018-02-12 09:28:39+00:00,1.0,0.0,fox,0.0,61
0.765,2018-02-12 09:27:58+00:00,0.714,0.0,fox,0.286,62
0.128,2018-02-12 09:03:14+00:00,0.909,0.0,fox,0.091,63
0.296,2018-02-12 08:14:05+00:00,0.732,0.0,fox,0.268,64
0.0,2018-02-12 00:30:47+00:00,1.0,0.0,fox,0.0,65
-0.3182,2018-02-11 23:37:37+00:00,0.905,0.095,fox,0.0,66
0.0,2018-02-11 09:03:22+00:00,1.0,0.0,fox,0.0,67
-0.4367,2018-02-10 22:06:31+00:00,0.627,0.25,fox,0.122,68
0.3612,2018-02-10 22:03:03+00:00,0.884,0.0,fox,0.116,69
0.0,2018-02-09 22:54:52+00:00,1.0,0.0,fox,0.0,70
0.4451,2018-02-09 03:29:31+00:00,0.821,0.0,fox,0.179,71
0.0,2018-02-09 01:59:17+00:00,1.0,0.0,fox,0.0,72
0.128,2018-02-09 01:45:27+00:00,0.923,0.0,fox,0.077,73
-0.5106,2018-02-09 01:29:08+00:00,0.784,0.216,fox,0.0,74
0.2263,2018-02-09 01:16:03+00:00,0.706,0.129,fox,0.165,75
-0.0377,2018-02-09 01:14:30+00:00,0.774,0.116,fox,0.11,76
0.0,2018-02-09 00:58:37+00:00,1.0,0.0,fox,0.0,77
0.0,2018-02-09 00:39:34+00:00,1.0,0.0,fox,0.0,78
0.0,2018-02-09 00:13:12+00:00,1.0,0.0,fox,0.0,79
0.4767,2018-02-08 23:35:52+00:00,0.853,0.0,fox,0.147,80
0.3612,2018-02-08 23:33:51+00:00,0.889,0.0,fox,0.111,81
0.0,2018-02-08 23:29:24+00:00,1.0,0.0,fox,0.0,82
0.0,2018-02-08 23:28:52+00:00,1.0,0.0,fox,0.0,83
0.0,2018-02-08 22:26:28+00:00,1.0,0.0,fox,0.0,84
0.5574,2018-02-08 22:25:03+00:00,0.841,0.0,fox,0.159,85
0.4926,2018-02-08 22:25:01+00:00,0.653,0.0,fox,0.347,86
0.8286,2018-02-08 20:48:45+00:00,0.661,0.0,fox,0.339,87
-0.3182,2018-02-08 20:43:39+00:00,0.867,0.133,fox,0.0,88
0.0,2018-02-08 20:40:47+00:00,1.0,0.0,fox,0.0,89
-0.4767,2018-02-08 20:36:43+00:00,0.866,0.134,fox,0.0,90
0.4939,2018-02-08 20:35:24+00:00,0.789,0.0,fox,0.211,91
0.7579,2018-02-08 09:15:58+00:00,0.519,0.0,fox,0.481,92
0.0,2018-02-08 09:11:04+00:00,1.0,0.0,fox,0.0,93
0.34,2018-02-08 06:54:31+00:00,0.902,0.0,fox,0.098,94
-0.2282,2018-02-08 03:15:58+00:00,0.522,0.275,fox,0.204,95
-0.6249,2018-02-08 03:15:00+00:00,0.849,0.151,fox,0.0,96
0.0,2018-02-08 03:13:36+00:00,1.0,0.0,fox,0.0,97
0.0,2018-02-07 23:49:05+00:00,1.0,0.0,fox,0.0,98
0.4754,2018-02-07 22:55:29+00:00,0.86,0.0,fox,0.14,99
0.4003,2018-02-07 22:47:36+00:00,0.891,0.0,fox,0.109,100
0.0,2018-03-29 18:05:05+00:00,1.0,0.0,nytimes,0.0,1
-0.5106,2018-03-29 18:00:16+00:00,0.864,0.136,nytimes,0.0,2
0.5106,2018-03-29 17:52:05+00:00,0.82,0.0,nytimes,0.18,3
0.7964,2018-03-29 17:45:03+00:00,0.633,0.0,nytimes,0.367,4
-0.4404,2018-03-29 17:33:06+00:00,0.847,0.153,nytimes,0.0,5
0.0,2018-03-29 17:30:16+00:00,1.0,0.0,nytimes,0.0,6
0.0,2018-03-29 17:15:07+00:00,1.0,0.0,nytimes,0.0,7
0.5267,2018-03-29 17:04:43+00:00,0.82,0.0,nytimes,0.18,8
-0.296,2018-03-29 17:00:20+00:00,0.891,0.109,nytimes,0.0,9
-0.7713,2018-03-29 16:46:47+00:00,0.729,0.271,nytimes,0.0,10
0.1531,2018-03-29 16:45:04+00:00,0.785,0.095,nytimes,0.12,11
-0.8625,2018-03-29 16:37:32+00:00,0.652,0.348,nytimes,0.0,12
0.4404,2018-03-29 16:30:15+00:00,0.735,0.094,nytimes,0.171,13
-0.4404,2018-03-29 16:23:06+00:00,0.868,0.132,nytimes,0.0,14
0.4019,2018-03-29 16:17:15+00:00,0.847,0.0,nytimes,0.153,15
-0.3182,2018-03-29 16:15:08+00:00,0.711,0.172,nytimes,0.117,16
-0.5859,2018-03-29 16:00:28+00:00,0.714,0.223,nytimes,0.063,17
0.0,2018-03-29 15:57:28+00:00,1.0,0.0,nytimes,0.0,18
-0.6124,2018-03-29 15:54:59+00:00,0.833,0.167,nytimes,0.0,19
0.0,2018-03-29 15:52:04+00:00,1.0,0.0,nytimes,0.0,20
0.3182,2018-03-29 15:45:11+00:00,0.892,0.0,nytimes,0.108,21
-0.6486,2018-03-29 15:30:09+00:00,0.815,0.185,nytimes,0.0,22
0.0,2018-03-29 15:15:06+00:00,1.0,0.0,nytimes,0.0,23
0.3612,2018-03-29 15:02:10+00:00,0.828,0.0,nytimes,0.172,24
0.0,2018-03-29 15:01:26+00:00,1.0,0.0,nytimes,0.0,25
0.0,2018-03-29 14:45:08+00:00,1.0,0.0,nytimes,0.0,26
0.4854,2018-03-29 14:30:04+00:00,0.853,0.0,nytimes,0.147,27
0.3182,2018-03-29 14:21:06+00:00,0.705,0.097,nytimes,0.198,28
0.4767,2018-03-29 14:11:06+00:00,0.639,0.115,nytimes,0.246,29
-0.296,2018-03-29 14:00:22+00:00,0.845,0.155,nytimes,0.0,30
-0.296,2018-03-29 13:44:05+00:00,0.714,0.171,nytimes,0.114,31
0.0,2018-03-29 13:31:06+00:00,1.0,0.0,nytimes,0.0,32
0.2013,2018-03-29 13:17:06+00:00,0.645,0.121,nytimes,0.234,33
0.0,2018-03-29 13:00:18+00:00,1.0,0.0,nytimes,0.0,34
0.4215,2018-03-29 12:46:02+00:00,0.872,0.0,nytimes,0.128,35
0.5563,2018-03-29 12:29:02+00:00,0.796,0.0,nytimes,0.204,36
0.34,2018-03-29 12:15:04+00:00,0.87,0.0,nytimes,0.13,37
0.0,2018-03-29 12:00:08+00:00,1.0,0.0,nytimes,0.0,38
0.0,2018-03-29 11:51:03+00:00,1.0,0.0,nytimes,0.0,39
0.296,2018-03-29 11:41:01+00:00,0.896,0.0,nytimes,0.104,40
0.0,2018-03-29 11:30:09+00:00,1.0,0.0,nytimes,0.0,41
0.802,2018-03-29 11:14:03+00:00,0.675,0.0,nytimes,0.325,42
0.0,2018-03-29 10:59:02+00:00,1.0,0.0,nytimes,0.0,43
0.0,2018-03-29 10:44:04+00:00,1.0,0.0,nytimes,0.0,44
0.0,2018-03-29 10:30:08+00:00,1.0,0.0,nytimes,0.0,45
0.0,2018-03-29 10:16:01+00:00,1.0,0.0,nytimes,0.0,46
0.0,2018-03-29 10:00:19+00:00,1.0,0.0,nytimes,0.0,47
-0.4588,2018-03-29 09:44:04+00:00,0.875,0.125,nytimes,0.0,48
-0.4767,2018-03-29 09:30:11+00:00,0.853,0.147,nytimes,0.0,49
-0.8625,2018-03-29 09:15:04+00:00,0.652,0.348,nytimes,0.0,50
0.296,2018-03-29 09:00:12+00:00,0.885,0.0,nytimes,0.115,51
-0.6908,2018-03-29 08:45:03+00:00,0.729,0.271,nytimes,0.0,52
0.0,2018-03-29 08:30:08+00:00,1.0,0.0,nytimes,0.0,53
0.6908,2018-03-29 08:14:03+00:00,0.737,0.0,nytimes,0.263,54
-0.296,2018-03-29 08:02:06+00:00,0.845,0.155,nytimes,0.0,55
-0.5423,2018-03-29 07:47:05+00:00,0.829,0.171,nytimes,0.0,56
-0.6369,2018-03-29 07:32:06+00:00,0.792,0.208,nytimes,0.0,57
0.0,2018-03-29 07:26:50+00:00,1.0,0.0,nytimes,0.0,58
0.3612,2018-03-29 07:17:07+00:00,0.646,0.138,nytimes,0.215,59
0.6808,2018-03-29 07:08:18+00:00,0.556,0.0,nytimes,0.444,60
-0.6619,2018-03-29 07:02:05+00:00,0.531,0.318,nytimes,0.151,61
0.6249,2018-03-29 06:31:05+00:00,0.83,0.0,nytimes,0.17,62
0.0,2018-03-29 05:59:27+00:00,1.0,0.0,nytimes,0.0,63
0.2023,2018-03-29 05:41:06+00:00,0.917,0.0,nytimes,0.083,64
0.4404,2018-03-29 05:21:04+00:00,0.756,0.0,nytimes,0.244,65
0.0,2018-03-29 05:02:02+00:00,1.0,0.0,nytimes,0.0,66
-0.7778,2018-03-29 04:41:06+00:00,0.533,0.393,nytimes,0.074,67
0.0,2018-03-29 04:21:04+00:00,1.0,0.0,nytimes,0.0,68
0.0,2018-03-29 04:08:47+00:00,1.0,0.0,nytimes,0.0,69
0.7783,2018-03-29 04:02:02+00:00,0.672,0.0,nytimes,0.328,70
0.2263,2018-03-29 03:54:55+00:00,0.395,0.249,nytimes,0.356,71
-0.8625,2018-03-29 03:47:00+00:00,0.593,0.407,nytimes,0.0,72
-0.6705,2018-03-29 03:32:03+00:00,0.633,0.285,nytimes,0.081,73
0.6597,2018-03-29 03:17:06+00:00,0.735,0.0,nytimes,0.265,74
0.0,2018-03-29 03:02:01+00:00,1.0,0.0,nytimes,0.0,75
0.0,2018-03-29 02:47:01+00:00,1.0,0.0,nytimes,0.0,76
0.0,2018-03-29 02:32:03+00:00,1.0,0.0,nytimes,0.0,77
-0.8834,2018-03-29 02:17:03+00:00,0.66,0.34,nytimes,0.0,78
0.5563,2018-03-29 02:06:06+00:00,0.796,0.0,nytimes,0.204,79
-0.296,2018-03-29 01:55:04+00:00,0.784,0.216,nytimes,0.0,80
0.5267,2018-03-29 01:44:02+00:00,0.825,0.0,nytimes,0.175,81
0.0,2018-03-29 01:32:06+00:00,1.0,0.0,nytimes,0.0,82
0.0,2018-03-29 01:16:21+00:00,1.0,0.0,nytimes,0.0,83
-0.6486,2018-03-29 01:00:09+00:00,0.83,0.17,nytimes,0.0,84
0.5775,2018-03-29 00:47:03+00:00,0.792,0.0,nytimes,0.208,85
0.5719,2018-03-29 00:32:06+00:00,0.651,0.103,nytimes,0.245,86
-0.296,2018-03-29 00:17:02+00:00,0.845,0.155,nytimes,0.0,87
0.3182,2018-03-29 00:02:07+00:00,0.887,0.0,nytimes,0.113,88
-0.6808,2018-03-28 23:47:02+00:00,0.763,0.237,nytimes,0.0,89
0.6908,2018-03-28 23:32:04+00:00,0.737,0.0,nytimes,0.263,90
0.0,2018-03-28 23:17:01+00:00,1.0,0.0,nytimes,0.0,91
-0.3182,2018-03-28 23:02:06+00:00,0.892,0.108,nytimes,0.0,92
0.0,2018-03-28 22:47:03+00:00,1.0,0.0,nytimes,0.0,93
0.0,2018-03-28 22:32:04+00:00,1.0,0.0,nytimes,0.0,94
0.0,2018-03-28 22:17:04+00:00,1.0,0.0,nytimes,0.0,95
0.0,2018-03-28 22:08:01+00:00,1.0,0.0,nytimes,0.0,96
0.4404,2018-03-28 22:01:00+00:00,0.854,0.0,nytimes,0.146,97
0.0,2018-03-28 21:48:58+00:00,1.0,0.0,nytimes,0.0,98
0.4019,2018-03-28 21:40:26+00:00,0.876,0.0,nytimes,0.124,99
0.0,2018-03-28 21:32:03+00:00,1.0,0.0,nytimes,0.0,100
